student_id,cgpa,aptitude_score,communication_score,technical_score,internships,projects,certifications,backlogs,placed
STU0362,5.48,70.3,80.7,55.6,0,2,1,3,0
STU0074,8.86,81.4,64.3,78.8,3,3,3,2,1
STU0375,5.31,61.1,56.6,57.8,2,2,4,1,0
STU0156,7.38,74.7,68.9,90.0,2,2,1,0,1
STU0105,7.74,73.6,71.0,78.6,2,2,3,0,1
STU0395,8.4,48.3,60.4,59.1,0,1,0,2,0
STU0378,7.4,62.8,80.2,49.6,2,0,0,2,0
STU0125,8.22,74.3,72.0,85.3,0,2,1,1,1
STU0069,8.08,80.5,65.6,84.1,1,1,1,0,1
STU0451,7.04,75.0,68.7,57.8,1,3,2,2,0
STU0010,8.19,58.7,76.5,80.4,0,1,0,4,1
STU0195,7.95,56.5,78.2,75.0,2,5,0,0,1
STU0407,6.2,69.5,74.1,59.7,0,1,2,0,0
STU0085,7.31,92.4,63.3,73.6,2,2,2,0,1
STU0372,6.12,72.9,75.7,48.0,0,0,1,1,0
STU0389,7.71,67.7,72.2,20.0,2,0,0,0,0
STU0496,6.45,39.4,36.9,50.2,3,3,2,1,0
STU0031,7.45,74.1,56.5,69.4,0,2,2,1,1
STU0317,8.28,62.3,73.8,72.9,1,6,2,2,1
STU0409,6.86,61.1,55.7,86.0,1,3,0,2,0
STU0491,7.21,62.1,71.5,67.9,0,2,2,4,0
STU0492,7.8,55.1,60.7,68.2,2,1,1,2,0
STU0281,7.91,81.5,70.9,100.0,2,2,3,0,1
STU0357,6.19,54.9,58.3,86.0,0,0,2,1,0
STU0077,7.9,87.3,62.7,77.2,1,2,3,0,1
STU0462,7.13,57.4,52.8,44.0,1,3,2,3,0
STU0498,7.62,64.0,51.2,68.2,1,1,0,2,0
STU0212,8.58,77.8,89.8,81.6,2,3,1,1,1
STU0102,7.57,56.0,56.3,84.3,2,6,2,1,1
STU0335,8.47,52.1,82.0,57.9,1,4,1,0,1
STU0476,6.55,35.5,55.7,51.3,1,0,2,2,0
STU0337,7.3,70.0,84.6,85.0,1,2,1,1,1
STU0441,5.87,62.3,46.9,55.5,1,1,2,1,0
STU0174,8.06,76.8,95.8,63.5,1,1,0,0,1
STU0003,8.26,68.0,60.8,66.8,1,5,3,1,1
STU0334,7.4,87.0,77.9,85.2,1,4,1,0,1
STU0410,6.91,57.8,53.4,83.8,1,1,2,1,0
STU0071,8.07,72.4,76.8,70.6,2,2,5,1,1
STU0210,9.9,80.0,81.9,61.2,2,4,1,0,1
STU0064,7.06,57.2,81.3,85.7,1,4,3,0,1
STU0385,6.37,52.3,73.5,61.0,0,2,0,3,0
STU0094,7.63,61.5,89.1,87.0,2,3,0,1,1
STU0486,5.83,67.4,54.9,54.1,0,1,1,2,0
STU0186,8.3,67.0,77.9,74.3,2,4,1,1,1
STU0034,7.15,74.2,88.9,72.6,2,4,2,0,1
STU0078,7.65,77.4,58.5,71.6,1,1,1,0,1
STU0001,8.16,70.5,57.9,76.8,0,5,4,1,1
STU0012,7.54,66.4,78.7,74.3,2,1,1,0,1
STU0416,5.6,50.9,60.2,50.0,0,3,1,1,0
STU0023,7.88,65.2,74.9,81.8,1,4,4,0,1
STU0073,7.82,79.3,73.5,97.8,3,6,3,1,1
STU0183,7.14,81.8,63.6,78.1,5,3,3,0,1
STU0132,7.88,68.3,68.7,72.9,0,3,0,0,1
STU0411,6.92,59.7,82.0,50.8,1,0,2,0,0
STU0194,7.03,80.6,75.0,75.1,0,1,0,0,1
STU0056,8.45,60.1,64.1,60.0,0,4,2,1,1
STU0149,8.18,59.0,94.2,70.9,4,6,1,1,1
STU0019,7.25,63.4,61.1,63.1,2,2,3,2,1
STU0205,6.94,62.1,71.5,88.5,4,3,3,3,1
STU0079,7.9,66.1,62.1,72.3,2,2,2,2,1
STU0495,6.21,78.3,66.2,66.1,2,4,2,1,0
STU0263,6.0,77.9,61.7,71.0,1,7,2,1,1
STU0324,9.2,67.9,78.0,76.2,0,2,2,3,1
STU0484,6.19,55.9,66.8,74.9,1,2,0,2,0
STU0080,6.55,90.2,82.0,73.7,0,5,1,0,1
STU0040,7.97,83.1,75.6,67.5,3,1,2,0,1
STU0452,7.59,54.5,71.0,49.1,0,1,2,3,0
STU0047,7.54,68.4,74.7,87.7,3,2,3,1,1
STU0239,7.41,50.7,74.2,57.1,1,1,2,1,1
STU0392,6.43,65.0,46.8,59.9,0,1,1,0,0
STU0353,7.29,46.8,61.5,20.7,0,0,1,2,0
STU0342,6.29,58.1,55.7,48.1,1,1,0,1,0
STU0278,7.45,99.0,75.2,62.2,0,4,3,0,1
STU0291,7.7,72.6,70.8,85.7,0,2,3,0,1
STU0318,7.64,99.0,51.7,61.0,0,3,1,2,1
STU0305,7.83,91.4,56.2,59.8,2,1,2,1,1
STU0269,7.55,93.6,78.1,71.1,2,3,1,0,1
STU0070,7.42,62.7,72.0,70.6,1,1,2,0,1
STU0456,8.08,43.6,46.8,78.3,3,1,1,3,0
STU0466,6.48,73.1,56.9,68.3,2,2,2,1,0
STU0155,8.03,89.5,67.6,100.0,0,3,1,0,1
STU0083,8.8,74.6,76.5,75.1,2,2,2,2,1
STU0478,7.25,49.5,58.9,56.4,1,1,0,2,0
STU0173,7.79,65.2,74.5,57.0,4,2,2,0,1
STU0322,8.23,76.0,69.0,72.1,3,2,5,0,1
STU0091,7.9,81.1,83.0,45.0,5,3,2,1,1
STU0181,8.25,63.7,85.6,59.6,0,2,1,0,1
STU0415,6.72,52.3,75.4,49.4,0,2,1,0,0
STU0313,8.38,81.2,86.4,80.0,2,3,3,1,1
STU0279,7.89,75.3,59.4,50.4,1,2,3,0,1
STU0382,7.03,51.2,51.8,60.7,1,0,3,3,0
STU0473,7.1,77.0,71.3,47.0,1,2,1,1,0
STU0363,6.41,49.1,55.0,65.4,2,1,2,0,0
STU0325,7.19,68.2,66.1,70.8,1,6,2,1,1
STU0432,7.46,58.2,47.9,75.2,3,1,1,2,0
STU0348,6.89,61.5,55.1,67.5,1,4,0,2,0
STU0087,8.44,84.1,66.1,52.2,0,3,0,2,1
STU0076,8.37,57.8,57.9,86.1,1,2,4,0,1
STU0439,6.78,64.7,68.2,73.3,1,0,0,2,0
STU0016,7.47,82.9,76.1,75.0,2,1,3,1,1
STU0250,8.1,69.1,64.8,80.8,0,2,0,0,1
STU0434,6.96,46.2,51.1,43.4,2,2,1,0,0
STU0020,6.92,73.7,77.7,71.7,1,4,2,1,1
STU0323,7.31,72.4,89.3,91.2,5,2,1,0,1
STU0333,7.89,85.4,80.5,87.9,0,3,1,1,1
STU0057,7.29,93.2,73.6,87.5,2,2,0,0,1
STU0302,7.48,60.4,53.2,90.1,1,1,3,3,1
STU0230,8.28,52.5,84.2,70.3,1,6,1,1,1
STU0332,7.26,46.1,75.6,79.4,3,1,3,0,1
STU0133,7.15,67.9,73.9,75.9,4,5,2,0,1
STU0138,7.63,91.2,67.4,92.4,1,4,2,0,1
STU0424,7.51,66.8,58.4,75.2,0,2,1,2,0
STU0336,7.74,70.3,66.5,45.9,4,1,1,0,1
STU0026,7.91,72.8,69.9,60.8,1,4,3,0,1
STU0465,6.28,71.8,45.9,61.8,0,0,0,3,0
STU0282,8.27,79.0,82.7,74.5,1,4,4,0,1
STU0248,7.42,75.8,61.7,66.6,0,1,2,0,1
STU0238,7.96,82.6,73.9,77.2,3,4,1,1,1
STU0118,7.08,68.4,73.7,73.8,2,1,1,0,1
STU0043,7.76,65.4,72.8,77.5,4,1,3,0,1
STU0221,9.34,69.4,85.3,59.2,1,5,2,1,1
STU0177,7.85,64.4,65.6,72.0,1,2,3,0,1
STU0321,7.9,73.7,61.9,88.2,0,2,2,2,1
STU0154,7.99,73.8,66.6,86.0,0,2,1,1,1
STU0232,7.98,54.3,72.2,68.0,1,4,2,3,1
STU0228,7.14,86.5,67.9,80.9,0,5,1,3,1
STU0418,7.59,58.6,82.0,57.1,1,0,0,0,0
STU0204,8.52,82.7,73.9,71.2,0,4,0,0,1
STU0127,7.2,76.2,80.9,60.8,1,2,0,0,1
STU0330,8.25,71.2,65.4,76.3,2,4,1,1,1
STU0032,9.04,74.9,77.6,86.6,0,1,1,1,1
STU0114,9.44,73.3,76.2,92.8,1,4,0,1,1
STU0471,6.78,60.3,61.7,56.8,0,3,1,0,0
STU0272,6.91,55.2,61.2,82.5,2,5,2,1,1
STU0141,7.99,77.2,81.8,50.4,3,4,1,0,1
STU0058,7.64,86.3,62.1,69.3,3,1,2,0,1
STU0193,7.98,64.4,74.5,80.6,2,3,0,1,1
STU0025,7.49,90.0,80.8,92.2,0,3,1,2,1
STU0018,8.04,73.7,83.1,81.4,5,3,4,1,1
STU0266,7.03,83.1,66.2,100.0,1,3,3,0,1
STU0067,7.79,74.4,53.7,69.7,2,3,6,1,1
STU0209,8.17,65.6,66.9,98.6,1,4,3,2,1
STU0480,7.65,57.4,59.2,62.3,1,3,1,2,0
STU0095,7.59,52.5,65.6,62.9,1,3,3,0,1
STU0254,8.51,74.7,75.4,76.4,1,3,4,1,1
STU0267,8.9,88.2,59.2,78.9,2,2,2,2,1
STU0024,6.91,79.4,59.4,69.1,3,3,5,0,1
STU0223,8.29,69.5,70.1,100.0,0,1,2,0,1
STU0262,7.8,69.3,66.8,62.3,1,4,3,1,1
STU0427,7.99,76.3,58.3,55.8,0,1,2,1,0
STU0006,7.69,76.5,84.2,67.2,0,2,1,1,1
STU0117,7.82,79.2,75.9,66.1,1,3,5,2,1
STU0046,7.37,51.6,71.2,74.3,1,6,3,1,1
STU0017,7.18,72.2,68.2,75.9,1,4,2,0,1
STU0463,5.54,73.4,41.8,86.0,0,1,0,2,0
STU0358,6.57,60.0,68.6,86.0,1,1,0,1,0
STU0004,8.83,65.3,88.9,94.0,3,2,2,1,1
STU0219,7.52,69.6,82.2,99.3,0,6,4,0,1
STU0406,6.02,64.1,56.7,55.4,0,0,1,0,0
STU0061,7.53,88.1,81.8,79.9,1,1,1,0,1
STU0111,6.59,64.1,77.2,87.8,1,3,0,1,1
STU0319,8.05,74.5,69.3,81.3,1,3,2,2,1
STU0429,7.96,52.6,58.7,56.0,2,1,0,3,0
STU0030,7.65,76.3,57.9,93.4,2,2,1,1,1
STU0438,5.42,56.5,52.3,64.6,0,4,0,1,0
STU0472,7.48,59.8,43.1,63.8,2,3,2,4,0
STU0027,7.09,78.1,66.6,58.1,0,3,2,0,1
STU0008,8.34,69.0,60.6,71.0,0,1,2,1,1
STU0454,8.18,65.2,72.1,67.9,1,4,1,0,0
STU0109,8.01,81.0,75.4,86.3,0,3,0,2,1
STU0038,6.57,96.5,70.8,91.1,2,1,0,0,1
STU0158,8.15,89.9,62.7,81.2,4,3,4,1,1
STU0490,7.39,41.6,81.8,57.3,0,1,3,4,0
STU0119,8.58,65.6,74.4,78.2,4,4,2,1,1
STU0115,7.71,83.9,71.0,61.7,0,1,1,1,1
STU0176,8.38,71.4,66.5,63.5,0,1,1,0,1
STU0374,5.89,34.5,76.1,73.5,1,2,0,1,0
STU0182,7.28,75.0,66.1,67.8,1,2,0,0,1
STU0145,8.01,63.9,72.5,85.8,1,2,0,1,1
STU0370,6.77,39.8,61.9,44.2,0,1,1,1,0
STU0391,6.59,77.4,65.0,75.9,0,1,0,3,0
STU0196,8.09,73.2,91.4,66.7,1,2,1,1,1
STU0405,6.79,66.4,45.1,36.2,1,1,2,1,0
STU0276,8.14,76.9,74.1,54.0,2,2,5,1,1
STU0455,7.55,74.9,78.3,58.4,0,1,3,1,0
STU0142,8.69,99.0,57.2,67.4,3,1,3,1,1
STU0366,7.52,65.1,76.0,50.0,1,2,0,1,0
STU0068,8.49,69.2,59.2,91.3,0,3,2,2,1
STU0211,8.21,71.8,78.4,78.0,3,1,0,0,1
STU0169,7.68,68.8,60.7,62.2,2,1,2,1,1
STU0494,7.09,44.1,62.6,55.1,1,1,1,0,0
STU0376,7.05,54.9,70.9,47.2,0,2,1,3,0
STU0401,6.32,81.1,53.7,51.0,0,2,1,1,0
STU0273,8.6,89.6,56.8,85.3,0,3,0,0,1
STU0110,7.79,77.8,77.7,86.9,1,3,4,0,1
STU0249,8.99,76.5,73.0,73.9,4,1,1,0,1
STU0146,8.35,57.1,82.2,66.8,2,1,3,1,1
STU0093,7.38,55.5,71.4,73.0,2,6,0,1,1
STU0153,7.4,83.2,87.2,56.1,1,3,3,0,1
STU0368,5.71,40.6,58.0,52.8,2,1,1,2,0
STU0468,6.9,68.3,65.3,61.1,0,2,3,1,0
STU0084,7.5,95.6,73.5,82.7,0,2,2,1,1
STU0246,7.62,80.6,73.6,93.3,2,1,1,0,1
STU0166,8.11,59.2,69.6,55.6,2,3,1,0,1
STU0164,7.31,83.6,61.9,66.1,1,5,4,0,1
STU0200,7.1,64.9,64.5,60.6,0,3,0,1,1
STU0229,7.38,69.6,72.0,92.8,2,5,2,0,1
STU0075,6.14,62.1,65.7,79.4,1,2,0,1,1
STU0479,6.73,60.3,67.0,53.5,0,1,1,2,0
STU0359,7.23,70.8,61.8,58.3,2,3,1,1,0
STU0251,7.02,65.0,83.4,75.4,1,1,1,0,1
STU0120,8.33,72.8,59.2,78.1,1,1,0,1,1
STU0311,7.7,73.3,71.7,80.5,4,6,0,0,1
STU0300,8.25,82.6,65.3,74.3,5,1,3,0,1
STU0256,7.53,78.9,71.1,73.3,0,2,3,1,1
STU0355,6.67,49.6,56.8,53.3,2,3,2,0,0
STU0400,8.03,64.3,68.0,79.0,0,3,2,2,0
STU0226,8.55,83.1,63.7,93.3,0,3,2,2,1
STU0354,6.29,69.8,46.6,62.0,0,1,2,3,0
STU0235,9.23,91.5,78.0,60.8,1,3,2,0,1
STU0383,6.4,59.9,52.6,60.7,1,2,0,2,0
STU0275,7.2,73.3,71.3,59.6,1,1,1,0,1
STU0037,7.98,84.0,73.8,56.9,2,3,3,0,1
STU0197,7.27,61.2,70.0,67.1,1,1,1,1,1
STU0140,7.04,80.0,73.6,63.4,0,1,1,2,1
STU0365,7.04,70.7,66.6,63.6,1,3,2,1,0
STU0245,7.06,69.6,67.3,61.0,0,5,3,1,1
STU0440,6.85,55.2,56.5,76.8,0,2,2,0,0
STU0287,7.74,88.0,78.0,71.3,0,1,1,2,1
STU0060,8.47,55.9,55.0,74.0,3,6,2,0,1
STU0112,7.82,68.5,82.3,81.7,1,2,2,3,1
STU0090,8.17,63.8,70.8,85.7,0,2,1,0,1
STU0437,8.4,62.5,82.0,38.5,0,0,0,1,0
STU0007,8.87,68.6,78.8,69.1,1,2,1,1,1
STU0361,5.94,57.2,60.1,67.9,0,0,0,1,0
STU0347,7.27,57.9,54.5,60.7,0,0,1,3,0
STU0339,7.82,57.5,61.2,59.3,0,2,0,0,0
STU0159,7.07,79.6,61.9,84.1,3,1,2,1,1
STU0151,8.0,62.6,67.3,100.0,2,4,3,1,1
STU0178,8.78,67.9,66.3,80.7,2,4,5,0,1
STU0394,7.43,66.3,57.5,75.3,2,2,2,1,0
STU0185,7.69,79.6,66.3,79.5,1,1,1,4,1
STU0450,6.54,55.4,45.8,80.9,1,1,0,1,0
STU0011,7.54,59.1,59.7,68.1,2,2,1,0,1
STU0381,7.94,60.2,81.3,77.8,1,3,0,3,0
STU0104,7.32,78.0,69.3,76.2,0,7,0,0,1
STU0082,8.07,86.3,97.5,82.7,3,3,0,1,1
STU0039,6.98,65.9,66.4,90.0,0,3,0,1,1
STU0315,8.69,85.7,69.5,52.4,0,3,2,0,1
STU0168,9.07,67.1,78.3,63.5,2,3,1,0,1
STU0470,6.14,60.4,54.7,65.7,0,1,1,1,0
STU0297,8.42,69.4,73.0,74.4,2,1,0,1,1
STU0475,7.64,38.1,53.1,42.9,1,0,1,2,0
STU0199,7.88,74.4,58.2,94.1,1,3,1,1,1
STU0298,8.04,63.3,65.0,86.7,1,6,3,2,1
STU0417,6.18,69.1,62.3,80.6,0,2,1,1,0
STU0147,7.04,76.1,66.6,99.8,2,2,2,0,1
STU0393,6.03,46.1,82.0,56.0,1,1,0,2,0
STU0148,6.98,66.0,85.5,85.5,1,4,3,0,1
STU0448,7.31,51.7,49.6,41.8,0,2,1,1,0
STU0288,8.22,90.6,84.7,77.5,2,3,1,0,1
STU0124,6.93,94.5,78.4,71.8,1,2,0,1,1
STU0369,5.96,62.5,53.2,68.8,0,2,0,0,0
STU0097,8.03,81.5,78.6,62.7,0,3,2,1,1
STU0144,7.96,72.6,80.4,92.9,2,2,2,1,1
STU0240,8.39,76.4,87.2,78.2,1,1,1,1,1
STU0443,6.23,58.1,64.9,61.0,2,0,3,0,0
STU0098,8.01,89.7,66.2,67.6,1,2,6,0,1
STU0408,7.94,42.3,67.2,58.6,2,1,0,1,0
STU0123,8.75,61.3,71.3,79.6,3,2,2,0,1
STU0184,8.15,56.4,76.3,56.7,3,1,1,0,1
STU0203,8.54,67.9,66.6,84.6,1,5,2,1,1
STU0247,7.53,97.8,82.2,79.2,2,4,1,0,1
STU0306,7.92,71.2,79.2,62.6,1,3,3,1,1
STU0299,8.37,56.5,79.9,79.9,2,5,2,1,1
STU0352,8.01,73.9,60.6,52.4,0,1,0,1,0
STU0387,7.33,71.9,60.5,74.2,1,2,1,0,0
STU0396,6.56,54.6,79.3,33.6,1,4,1,0,0
STU0285,9.23,78.9,77.3,73.4,1,2,0,2,1
STU0126,9.26,66.6,72.0,87.9,0,4,2,0,1
STU0303,8.33,60.3,67.3,80.8,2,4,1,0,1
STU0224,6.79,77.0,73.1,65.5,1,3,1,0,1
STU0419,7.39,53.2,53.4,68.9,1,1,1,1,0
STU0220,7.89,68.8,83.2,68.3,2,2,1,0,1
STU0130,7.51,80.4,67.2,71.2,2,2,0,0,1
STU0421,6.42,58.8,55.8,59.7,0,1,1,2,0
STU0290,7.44,63.5,78.7,67.1,1,2,3,0,1
STU0445,6.76,60.6,30.1,50.0,3,1,1,4,0
STU0377,6.87,43.5,62.9,66.7,1,2,0,2,0
STU0292,7.52,74.5,85.8,72.6,1,1,2,0,1
STU0356,5.21,54.2,56.4,65.3,0,2,3,1,0
STU0295,8.07,90.0,71.3,64.5,2,1,2,1,1
STU0397,6.35,63.3,53.5,41.1,1,0,3,0,0
STU0341,6.45,68.1,70.1,65.6,0,1,2,2,0
STU0113,7.88,62.8,79.9,61.7,3,4,1,0,1
STU0180,9.61,79.2,83.4,75.7,0,5,1,0,1
STU0308,7.46,71.3,75.9,67.7,4,7,1,0,1
STU0433,5.54,46.4,61.7,60.0,0,3,0,2,0
STU0488,7.07,69.2,61.7,38.8,1,2,0,4,0
STU0482,6.39,69.0,65.9,76.5,1,2,1,2,0
STU0423,5.55,43.9,82.0,51.7,0,2,1,1,0
STU0234,7.42,74.1,79.0,67.3,4,2,1,0,1
STU0312,8.55,71.5,60.4,73.8,2,1,0,0,1
STU0165,8.47,94.0,81.4,71.4,4,4,4,1,1
STU0137,7.33,88.3,69.9,58.4,1,4,2,1,1
STU0198,7.94,67.1,63.9,58.8,1,4,3,0,1
STU0259,8.13,68.6,57.5,88.4,1,2,2,0,1
STU0233,7.87,70.2,58.4,63.2,1,2,4,2,1
STU0116,8.04,63.6,55.4,77.9,1,2,2,0,1
STU0121,8.35,63.0,61.1,79.3,2,5,1,2,1
STU0350,7.6,54.7,57.3,52.0,0,3,1,3,0
STU0225,7.53,95.7,83.5,92.9,0,2,4,2,1
STU0403,5.95,67.2,65.0,49.1,1,2,2,2,0
STU0398,6.3,49.1,79.4,65.7,1,3,1,2,0
STU0128,7.47,72.7,66.7,81.2,2,2,1,0,1
STU0286,6.57,93.7,76.1,84.8,1,4,3,1,1
STU0412,7.84,53.2,43.6,34.2,0,2,0,2,0
STU0108,7.95,60.2,58.6,76.8,3,4,2,1,1
STU0371,5.4,56.2,60.4,70.4,0,1,1,1,0
STU0326,7.05,73.6,77.3,67.7,1,1,1,0,1
STU0134,8.15,71.0,67.0,72.6,2,4,2,1,1
STU0453,7.16,45.0,68.7,62.8,3,1,1,1,0
STU0045,6.88,67.6,68.1,67.0,2,1,3,0,1
STU0461,6.26,70.4,51.7,61.0,0,1,2,2,0
STU0066,8.72,74.0,81.7,57.1,3,1,1,1,1
STU0284,7.04,65.6,76.2,75.5,3,2,1,1,1
STU0086,7.51,71.3,78.6,75.4,2,5,0,1,1
STU0243,8.17,85.9,77.7,78.7,1,3,0,1,1
STU0187,8.15,79.9,73.7,80.7,1,1,1,1,1
STU0384,6.94,51.6,50.2,69.8,1,2,1,2,0
STU0160,8.27,63.0,64.2,83.0,2,1,3,2,1
STU0013,8.0,71.7,69.4,98.5,2,3,2,0,1
STU0036,7.05,89.2,88.3,81.8,0,1,2,0,1
STU0029,7.45,69.7,64.8,86.3,3,1,2,1,1
STU0171,7.26,64.8,73.3,90.1,1,3,1,0,1
STU0143,6.8,85.7,74.3,59.7,0,3,2,1,1
STU0399,6.35,45.0,55.5,59.5,0,2,0,0,0
STU0343,6.32,42.1,63.9,62.1,2,1,0,0,0
STU0222,6.63,78.1,78.1,73.6,1,1,2,1,1
STU0096,6.89,71.1,89.5,81.4,0,5,0,0,1
STU0052,7.59,83.9,69.9,87.4,3,1,2,1,1
STU0241,7.32,82.0,70.8,83.9,2,1,2,1,1
STU0485,7.52,61.5,53.9,54.6,1,1,1,1,0
STU0379,6.04,52.8,43.3,55.2,1,1,1,2,0
STU0179,7.67,81.9,65.5,63.7,2,3,3,1,1
STU0042,7.95,96.9,82.5,80.1,2,5,2,0,1
STU0499,6.51,50.5,60.2,62.6,1,0,2,1,0
STU0422,6.5,78.2,57.6,56.1,0,4,2,1,0
STU0207,8.17,89.1,96.5,77.7,0,3,1,0,1
STU0283,8.87,76.3,75.1,83.9,3,5,3,0,1
STU0255,6.85,68.9,87.1,58.7,2,2,0,0,1
STU0413,6.09,65.0,59.6,59.1,0,0,1,1,0
STU0005,7.69,76.5,80.9,76.8,1,2,3,0,1
STU0257,8.66,77.4,66.3,64.4,1,1,4,1,1
STU0449,7.26,51.9,62.6,63.6,1,2,1,0,0
STU0101,6.92,59.4,77.8,77.0,2,5,3,1,1
STU0227,7.88,70.5,75.3,68.3,0,6,2,1,1
STU0430,6.7,36.4,82.0,71.5,0,2,2,2,0
STU0214,8.26,74.8,68.2,72.5,1,2,1,1,1
STU0172,7.31,74.4,76.5,84.8,3,1,2,1,1
STU0099,7.84,74.7,77.9,96.0,1,2,0,3,1
STU0293,7.46,85.4,65.1,66.1,2,4,2,1,1
STU0216,8.33,86.2,82.6,75.0,1,1,1,0,1
STU0062,7.72,72.7,76.3,75.4,1,7,4,1,1
STU0048,8.53,65.9,55.0,80.6,0,3,1,1,1
STU0033,7.83,65.8,59.2,74.1,0,4,0,1,1
STU0268,6.91,78.3,80.3,76.7,0,4,2,1,1
STU0328,8.35,66.4,80.8,70.2,1,3,1,2,1
STU0201,8.07,69.9,71.4,66.8,5,6,1,2,1
STU0447,7.07,47.6,71.3,49.7,0,4,0,2,0
STU0028,8.08,81.2,82.0,77.1,0,1,1,0,1
STU0425,7.63,64.4,44.5,42.6,1,1,1,4,0
STU0231,7.37,63.3,73.6,72.3,2,5,2,0,1
STU0261,7.24,63.6,76.0,81.4,4,3,3,1,1
STU0289,8.02,68.6,73.6,78.1,2,1,3,1,1
STU0163,8.59,59.4,86.9,73.8,1,3,2,0,1
STU0426,7.62,48.1,63.5,64.2,1,4,0,1,0
STU0139,8.37,71.3,85.9,65.1,2,1,2,2,1
STU0063,7.12,86.9,74.2,60.2,1,3,0,1,1
STU0136,8.85,58.0,62.9,62.3,0,4,3,1,1
STU0129,7.9,71.6,72.7,82.4,2,3,2,2,1
STU0477,6.4,71.6,74.6,27.4,0,1,3,1,0
STU0009,7.53,76.4,66.6,79.3,1,2,1,1,1
STU0327,8.59,68.2,85.4,71.2,0,1,3,0,1
STU0464,7.13,61.8,45.6,57.4,0,1,2,0,0
STU0065,8.37,67.6,88.0,69.0,2,3,0,1,1
STU0301,7.3,74.7,67.3,83.7,1,5,2,2,1
STU0015,6.72,89.4,78.7,79.4,1,4,5,1,1
STU0157,9.05,64.9,58.5,80.9,2,2,0,1,1
STU0041,8.32,75.8,71.3,79.0,0,4,1,2,1
STU0380,7.39,52.9,46.9,63.8,0,1,0,2,0
STU0469,7.6,56.6,54.4,51.7,0,3,1,2,0
STU0404,7.05,70.5,67.6,53.7,0,1,1,2,0
STU0217,7.34,76.6,79.8,72.9,1,3,2,0,1
STU0280,7.59,75.1,85.9,78.9,0,2,3,1,1
STU0435,7.53,69.2,57.4,69.1,0,2,0,2,0
STU0431,5.57,61.5,66.7,48.4,1,3,1,2,0
STU0338,7.1,80.9,62.8,85.9,0,1,0,2,0
STU0237,6.52,71.6,68.7,65.9,3,2,1,2,1
STU0208,8.17,48.0,66.5,65.2,5,1,0,0,1
STU0213,8.46,67.6,77.4,79.2,1,4,4,0,1
STU0296,7.39,72.3,57.7,74.9,3,4,2,0,1
STU0458,6.91,63.7,70.6,56.7,1,0,2,1,0
STU0252,8.44,82.6,56.8,80.6,1,6,1,0,1
STU0489,6.72,76.1,46.7,56.3,0,1,0,0,0
STU0487,7.72,47.2,69.1,71.5,1,3,4,1,0
STU0304,8.24,70.4,48.0,74.7,2,2,3,0,1
STU0351,6.98,72.2,52.6,70.2,2,1,2,0,0
STU0270,7.92,65.8,70.7,76.0,0,2,1,1,1
STU0202,8.2,84.5,89.3,66.5,0,3,4,0,1
STU0162,8.35,64.7,74.0,75.7,2,2,0,1,1
STU0044,7.64,65.1,73.2,68.4,1,3,2,0,1
STU0218,7.69,77.5,76.7,85.3,1,4,3,1,1
STU0402,6.42,73.7,44.7,56.4,0,4,1,2,0
STU0191,7.55,74.4,65.7,69.7,2,3,0,1,1
STU0310,7.71,45.6,71.2,75.2,0,2,3,1,1
STU0260,8.34,71.1,50.2,86.8,2,3,1,0,1
STU0106,8.1,52.2,77.8,100.0,2,2,3,0,1
STU0054,8.24,64.5,75.1,70.5,3,4,0,1,1
STU0390,6.52,75.5,53.8,49.9,1,0,0,1,0
STU0002,7.75,78.3,64.1,97.8,2,5,1,0,1
STU0442,6.01,49.8,62.5,62.2,1,0,3,3,0
STU0483,7.08,57.2,66.6,86.0,0,2,2,1,0
STU0050,6.69,77.5,79.0,83.2,2,3,2,1,1
STU0420,7.51,54.3,80.4,48.5,1,1,1,0,0
STU0081,7.7,75.1,62.4,74.1,2,5,2,1,1
STU0206,7.23,79.5,83.4,67.0,2,2,1,0,1
STU0035,8.37,79.1,51.3,84.4,0,4,1,4,1
STU0264,7.17,81.9,78.7,88.1,2,3,4,2,1
STU0428,7.14,65.2,64.5,65.7,0,3,0,2,0
STU0367,6.19,53.1,44.4,75.5,0,1,1,3,0
STU0092,8.47,85.0,64.8,97.9,2,1,3,1,1
STU0340,7.61,51.1,60.3,80.7,1,2,2,0,0
STU0474,7.15,42.3,75.1,49.8,2,2,1,0,0
STU0053,7.4,67.9,71.9,55.1,2,2,3,1,1
STU0346,5.0,59.3,57.0,65.0,0,1,1,1,0
STU0265,7.68,64.2,74.1,76.1,0,4,2,0,1
STU0242,7.77,58.4,74.4,52.2,1,5,2,0,1
STU0014,6.6,77.2,68.0,93.9,0,5,3,0,1
STU0316,7.85,71.1,72.0,64.0,1,2,0,0,1
STU0089,7.5,88.3,96.8,78.4,0,2,2,0,1
STU0388,6.74,38.2,57.2,56.2,2,2,0,2,0
STU0274,7.85,80.8,64.9,65.7,3,4,1,2,1
STU0167,8.37,79.8,71.2,73.4,1,7,2,1,1
STU0329,8.25,75.0,72.3,76.4,2,2,1,1,1
STU0493,7.79,67.1,57.1,50.8,1,2,1,2,0
STU0135,7.24,49.7,84.0,74.7,2,4,2,0,1
STU0307,8.67,58.1,79.4,71.1,2,2,2,0,1
STU0481,7.11,48.1,78.2,61.0,1,0,0,0,0
STU0320,7.76,74.1,65.0,91.7,3,1,2,0,1
STU0244,8.4,77.5,73.5,88.3,2,2,5,1,1
STU0055,8.51,79.1,66.4,62.0,0,1,1,0,1
STU0364,8.24,57.8,51.4,51.9,3,2,2,2,0
STU0051,8.05,93.6,73.4,45.0,4,4,2,0,1
STU0457,5.05,82.4,51.2,50.0,1,2,1,1,0
STU0175,8.02,73.4,65.5,85.1,1,3,3,1,1
STU0446,6.41,63.3,46.1,54.4,1,0,0,0,0
STU0190,6.86,56.8,89.3,75.9,2,2,1,0,1
STU0497,6.79,55.8,82.0,75.8,2,1,1,0,0
STU0188,7.79,65.9,56.9,77.0,1,6,2,1,1
STU0170,7.35,67.7,75.5,76.6,1,1,5,0,1
STU0059,8.06,69.0,75.7,78.4,2,6,2,0,1
STU0049,8.06,75.5,58.5,70.4,0,3,1,0,1
STU0345,6.86,49.8,50.5,46.5,0,1,1,1,0
STU0236,8.25,77.4,92.9,74.9,1,7,0,0,1
STU0253,9.22,64.9,66.2,64.2,0,2,2,2,1
STU0022,7.69,77.3,68.7,79.0,3,1,1,0,1
STU0314,8.37,93.3,80.3,75.3,3,3,2,0,1
STU0460,6.75,76.3,52.5,65.4,2,0,0,0,0
STU0161,7.21,71.9,71.4,77.7,0,4,0,0,1
STU0277,7.97,62.1,69.3,80.2,0,1,0,0,1
STU0444,6.05,64.6,66.7,79.4,0,4,2,3,0
STU0192,8.4,76.6,67.9,75.9,2,1,4,1,1
STU0386,6.25,70.7,45.9,68.5,1,0,2,1,0
STU0294,8.39,56.1,89.4,80.5,1,5,3,0,1
STU0414,6.55,48.9,43.4,65.2,1,0,4,1,0
STU0344,5.6,71.2,54.4,58.9,1,1,0,1,0
STU0258,7.38,84.8,90.1,66.3,4,3,1,1,1
STU0309,8.2,71.1,62.2,72.4,4,1,1,1,1
STU0150,8.03,67.1,68.2,46.5,2,4,2,0,1
STU0131,6.83,81.9,67.5,89.9,1,1,0,3,1
STU0152,8.07,91.6,86.0,59.0,2,5,4,2,1
STU0360,6.3,61.9,74.4,49.8,2,3,2,1,0
STU0100,7.69,91.0,81.2,72.4,2,2,1,0,1
STU0373,6.42,65.9,59.0,63.7,0,1,2,3,0
STU0088,8.05,80.7,72.9,84.8,1,2,1,3,1
STU0459,6.61,71.1,73.3,64.2,0,1,2,2,0
STU0331,7.83,89.7,78.6,74.6,0,2,1,2,1
STU0215,7.64,72.3,77.5,73.1,4,1,4,0,1
STU0467,7.16,45.6,63.4,52.2,1,2,1,4,0
STU0122,7.25,68.1,82.0,92.6,1,2,5,0,1
STU0500,6.57,48.6,60.7,65.4,1,1,3,0,0
STU0021,8.79,70.9,77.5,55.9,3,2,1,0,1
STU0189,7.29,55.0,86.9,89.8,2,3,2,0,1
STU0072,8.84,75.2,64.6,70.9,0,4,1,0,1
STU0107,9.07,73.0,73.5,73.9,1,1,0,0,1
STU0271,8.78,60.9,89.8,72.8,1,1,5,1,1
STU0349,7.18,32.4,73.7,62.9,0,4,2,0,0
STU0436,7.07,35.3,49.8,57.8,0,2,2,3,0
STU0103,7.62,73.3,64.6,80.1,0,2,2,0,1
